{"name":"c17841d9-de47-45b5-9c4c-da00179d8870","id":"/providers/Microsoft.Flow/flows/c17841d9-de47-45b5-9c4c-da00179d8870","type":"Microsoft.Flow/flows","properties":{"apiId":"/providers/Microsoft.PowerApps/apis/shared_logicflows","displayName":"Daily Currency Tracker","definition":{"metadata":{"workflowEntityId":null,"processAdvisorMetadata":null,"flowChargedByPaygo":null,"flowclientsuspensionreason":"None","flowclientsuspensiontime":null,"flowclientsuspensionreasondetails":null,"creator":{"id":"87915cb7-78f0-4089-b716-62b66ec05bb5","type":"User","tenantId":"9486ac65-39d3-4d25-977c-76d9c31c0046"},"provisioningMethod":"FromDefinition","failureAlertSubscription":true,"clientLastModifiedTime":"2025-11-16T19:03:45.4196959Z","connectionKeySavedTimeKey":"2025-11-16T19:03:45.4196959Z","creationSource":"Portal","modifiedSources":"Portal"},"$schema":"https://schema.management.azure.com/providers/Microsoft.Logic/schemas/2016-06-01/workflowdefinition.json#","contentVersion":"undefined","parameters":{"$authentication":{"defaultValue":{},"type":"SecureObject"},"$connections":{"defaultValue":{},"type":"Object"}},"triggers":{"Recurrence":{"recurrence":{"frequency":"Day","interval":"1","startTime":"2025-11-16T23:41:00.000Z","timeZone":"Sri Lanka Standard Time"},"evaluatedRecurrence":{"frequency":"Day","interval":"1","startTime":"2025-11-16T23:41:00.000Z","timeZone":"Sri Lanka Standard Time"},"type":"Recurrence"}},"actions":{"HTTP_-_USD":{"runAfter":{},"type":"Http","inputs":{"uri":"https://v6.exchangerate-api.com/v6/6bd51450faf7a83fc5111f06/latest/USD","method":"GET"},"runtimeConfiguration":{"contentTransfer":{"transferMode":"Chunked"}}},"HTTP_-_EUR":{"runAfter":{},"type":"Http","inputs":{"uri":"https://v6.exchangerate-api.com/v6/6bd51450faf7a83fc5111f06/latest/EUR","method":"GET"},"runtimeConfiguration":{"contentTransfer":{"transferMode":"Chunked"}}},"HTTP_-_GBP":{"runAfter":{},"type":"Http","inputs":{"uri":"https://v6.exchangerate-api.com/v6/6bd51450faf7a83fc5111f06/latest/GBP","method":"GET"},"runtimeConfiguration":{"contentTransfer":{"transferMode":"Chunked"}}},"Parse_JSON_-_USD":{"runAfter":{"HTTP_-_USD":["Succeeded"]},"type":"ParseJson","inputs":{"content":"@body('HTTP_-_USD')","schema":{"type":"object","properties":{"result":{"type":"string"},"documentation":{"type":"string"},"terms_of_use":{"type":"string"},"time_last_update_unix":{"type":"integer"},"time_last_update_utc":{"type":"string"},"time_next_update_unix":{"type":"integer"},"time_next_update_utc":{"type":"string"},"base_code":{"type":"string"},"conversion_rates":{"type":"object","properties":{"LKR":{"type":"number"}}}}}}},"Parse_JSON_-_EUR":{"runAfter":{"HTTP_-_EUR":["Succeeded"]},"type":"ParseJson","inputs":{"content":"@body('HTTP_-_EUR')","schema":{"type":"object","properties":{"result":{"type":"string"},"documentation":{"type":"string"},"terms_of_use":{"type":"string"},"time_last_update_unix":{"type":"integer"},"time_last_update_utc":{"type":"string"},"time_next_update_unix":{"type":"integer"},"time_next_update_utc":{"type":"string"},"base_code":{"type":"string"},"conversion_rates":{"type":"object","properties":{"LKR":{"type":"number"}}}}}}},"Parse_JSON_-_GBP":{"runAfter":{"HTTP_-_GBP":["Succeeded"]},"type":"ParseJson","inputs":{"content":"@body('HTTP_-_GBP')","schema":{"type":"object","properties":{"result":{"type":"string"},"documentation":{"type":"string"},"terms_of_use":{"type":"string"},"time_last_update_unix":{"type":"integer"},"time_last_update_utc":{"type":"string"},"time_next_update_unix":{"type":"integer"},"time_next_update_utc":{"type":"string"},"base_code":{"type":"string"},"conversion_rates":{"type":"object","properties":{"LKR":{"type":"number"}}}}}}},"Initialize_variable_-_USDRate":{"runAfter":{"Parse_JSON_-_USD":["Succeeded"]},"type":"InitializeVariable","inputs":{"variables":[{"name":"USDRate","type":"float","value":"@body('Parse_JSON_-_USD')?['conversion_rates']?['LKR']"}]}},"Initialize_variable_-__EURRate":{"runAfter":{"Parse_JSON_-_EUR":["Succeeded"]},"type":"InitializeVariable","inputs":{"variables":[{"name":"EURRate","type":"float","value":"@body('Parse_JSON_-_EUR')?['conversion_rates']?['LKR']"}]}},"Initialize_variable_-_GBPRate":{"runAfter":{"Parse_JSON_-_GBP":["Succeeded"]},"type":"InitializeVariable","inputs":{"variables":[{"name":"GBPRate","type":"float","value":"@body('Parse_JSON_-_GBP')?['conversion_rates']?['LKR']"}]}},"Initialize_variable_-_CurrentDateUSD":{"runAfter":{"Initialize_variable_-_USDRate":["Succeeded"]},"type":"InitializeVariable","inputs":{"variables":[{"name":"CurrentDateUSD","type":"string","value":"@utcNow()"}]}},"Initialize_variable_-_CurrentDateEUR":{"runAfter":{"Initialize_variable_-__EURRate":["Succeeded"]},"type":"InitializeVariable","inputs":{"variables":[{"name":"CurrentDateEUR","type":"string","value":"@utcNow()"}]}},"Initialize_variable_-_CurrentDateGBP":{"runAfter":{"Initialize_variable_-_GBPRate":["Succeeded"]},"type":"InitializeVariable","inputs":{"variables":[{"name":"CurrentDateGBP","type":"string","value":"@utcNow()"}]}},"Get_items_-_USD":{"runAfter":{"Initialize_variable_-_CurrentDateUSD":["Succeeded"]},"type":"OpenApiConnection","inputs":{"parameters":{"dataset":"https://nsbm365.sharepoint.com/sites/PowerApps","table":"e2a3d5a6-587a-4e88-b995-33f82eabc787","$filter":"Title eq 'USD'"},"host":{"apiId":"/providers/Microsoft.PowerApps/apis/shared_sharepointonline","connectionName":"shared_sharepointonline","operationId":"GetItems"},"authentication":"@parameters('$authentication')"}},"Get_items_-_EUR":{"runAfter":{"Initialize_variable_-_CurrentDateEUR":["Succeeded"]},"type":"OpenApiConnection","inputs":{"parameters":{"dataset":"https://nsbm365.sharepoint.com/sites/PowerApps","table":"e2a3d5a6-587a-4e88-b995-33f82eabc787","$filter":"Title eq 'EUR'"},"host":{"apiId":"/providers/Microsoft.PowerApps/apis/shared_sharepointonline","connectionName":"shared_sharepointonline","operationId":"GetItems"},"authentication":"@parameters('$authentication')"}},"Get_items_-_GBP":{"runAfter":{"Initialize_variable_-_CurrentDateGBP":["Succeeded"]},"type":"OpenApiConnection","inputs":{"parameters":{"dataset":"https://nsbm365.sharepoint.com/sites/PowerApps","table":"e2a3d5a6-587a-4e88-b995-33f82eabc787","$filter":"Title eq 'GBP'"},"host":{"apiId":"/providers/Microsoft.PowerApps/apis/shared_sharepointonline","connectionName":"shared_sharepointonline","operationId":"GetItems"},"authentication":"@parameters('$authentication')"}},"Initialize_variable_-_USDThreshold":{"runAfter":{"Compose_-_USD_Threshold":["Succeeded"]},"type":"InitializeVariable","inputs":{"variables":[{"name":"USDThreshold","type":"float","value":"@outputs('Compose_-_USD_Threshold')"}]}},"Condition_-_USD":{"actions":{"Send_an_email_(V2)_-_USD":{"type":"OpenApiConnection","inputs":{"parameters":{"emailMessage/To":"litharaperera2002@gmail.com","emailMessage/Subject":"🚨 USD Rate Alert - Threshold Crossed!","emailMessage/Body":"<p class=\"editor-paragraph\">USD Rate: @{variables('USDRate')}<br>Threshold: @{variables('USDThreshold')}</p><p class=\"editor-paragraph\">Date: @{variables('CurrentDateUSD')}</p>","emailMessage/Importance":"Normal"},"host":{"apiId":"/providers/Microsoft.PowerApps/apis/shared_office365","connectionName":"shared_office365","operationId":"SendEmailV2"},"authentication":"@parameters('$authentication')"}},"For_each_-_Update_SP_USD":{"foreach":"@outputs('Get_items_-_USD')?['body/value']","actions":{"Update_item_-_USD":{"type":"OpenApiConnection","inputs":{"parameters":{"dataset":"https://nsbm365.sharepoint.com/sites/PowerApps","table":"e2a3d5a6-587a-4e88-b995-33f82eabc787","id":"@item()?['ID']","item/AlertTriggered":true,"item/ThresholdCrossed":true},"host":{"apiId":"/providers/Microsoft.PowerApps/apis/shared_sharepointonline","connectionName":"shared_sharepointonline","operationId":"PatchItem"},"authentication":"@parameters('$authentication')"}}},"runAfter":{"Send_an_email_(V2)_-_USD":["Succeeded"]},"type":"Foreach"}},"runAfter":{"Initialize_variable_-_USDThreshold":["Succeeded"]},"else":{"actions":{}},"expression":{"and":[{"greater":["@variables('USDRate')","@variables('USDThreshold')"]}]},"type":"If"},"Compose_-_USD_Threshold":{"runAfter":{"For_each":["Succeeded"]},"type":"Compose","inputs":"@first(body('Get_items_-_USD')?['value'])?['Threshold']"},"Initialize_variable_-_EURThreshold":{"runAfter":{"Compose_-_EUR_Threshold":["Succeeded"]},"type":"InitializeVariable","inputs":{"variables":[{"name":"EURThreshold","type":"float","value":"@outputs('Compose_-_EUR_Threshold')"}]}},"Condition_-_EUR":{"actions":{"Send_an_email_(V2)_-_EUR":{"type":"OpenApiConnection","inputs":{"parameters":{"emailMessage/To":"litharaperera2002@gmail.com","emailMessage/Subject":"🚨 EUR Rate Alert - Threshold Crossed!","emailMessage/Body":"<p class=\"editor-paragraph\">EUR Rate: @{variables('EURRate')}<br>Threshold: @{variables('EURThreshold')}</p><p class=\"editor-paragraph\">Date: @{variables('CurrentDateEUR')}</p>","emailMessage/Importance":"Normal"},"host":{"apiId":"/providers/Microsoft.PowerApps/apis/shared_office365","connectionName":"shared_office365","operationId":"SendEmailV2"},"authentication":"@parameters('$authentication')"}},"For_each_-_Update_SP_EUR":{"foreach":"@outputs('Get_items_-_EUR')?['body/value']","actions":{"Update_item_-_EUR":{"type":"OpenApiConnection","inputs":{"parameters":{"dataset":"https://nsbm365.sharepoint.com/sites/PowerApps","table":"e2a3d5a6-587a-4e88-b995-33f82eabc787","id":"@item()?['ID']","item/AlertTriggered":true,"item/ThresholdCrossed":true},"host":{"apiId":"/providers/Microsoft.PowerApps/apis/shared_sharepointonline","connectionName":"shared_sharepointonline","operationId":"PatchItem"},"authentication":"@parameters('$authentication')"}}},"runAfter":{"Send_an_email_(V2)_-_EUR":["Succeeded"]},"type":"Foreach"}},"runAfter":{"Initialize_variable_-_EURThreshold":["Succeeded"]},"else":{"actions":{}},"expression":{"and":[{"greater":["@variables('EURRate')","@variables('EURThreshold')"]}]},"type":"If"},"Compose_-_EUR_Threshold":{"runAfter":{"For_each_1":["Succeeded"]},"type":"Compose","inputs":"@first(body('Get_items_-_EUR')?['value'])?['Threshold']"},"Compose_-_GBP_Threshold":{"runAfter":{"For_each_2":["Succeeded"]},"type":"Compose","inputs":"@first(body('Get_items_-_GBP')?['value'])?['Threshold']"},"Initialize_variable_-_GBPThreshold":{"runAfter":{"Compose_-_GBP_Threshold":["Succeeded"]},"type":"InitializeVariable","inputs":{"variables":[{"name":"GBPThreshold","type":"float","value":"@outputs('Compose_-_GBP_Threshold')"}]}},"Condition_-_GBP":{"actions":{"Send_an_email_(V2)_-_GBP":{"type":"OpenApiConnection","inputs":{"parameters":{"emailMessage/To":"litharaperera2002@gmail.com","emailMessage/Subject":"🚨 GBP Rate Alert - Threshold Crossed!","emailMessage/Body":"<p class=\"editor-paragraph\">GBP Rate: @{variables('GBPRate')}<br>Threshold: @{variables('GBPThreshold')}</p><p class=\"editor-paragraph\">Date: @{variables('CurrentDateGBP')}</p>","emailMessage/Importance":"Normal"},"host":{"apiId":"/providers/Microsoft.PowerApps/apis/shared_office365","connectionName":"shared_office365","operationId":"SendEmailV2"},"authentication":"@parameters('$authentication')"}},"For_each_-_Update_SP_GBP":{"foreach":"@outputs('Get_items_-_GBP')?['body/value']","actions":{"Update_item_-_GBP":{"type":"OpenApiConnection","inputs":{"parameters":{"dataset":"https://nsbm365.sharepoint.com/sites/PowerApps","table":"e2a3d5a6-587a-4e88-b995-33f82eabc787","id":"@item()?['ID']","item/AlertTriggered":true,"item/ThresholdCrossed":true},"host":{"apiId":"/providers/Microsoft.PowerApps/apis/shared_sharepointonline","connectionName":"shared_sharepointonline","operationId":"PatchItem"},"authentication":"@parameters('$authentication')"}}},"runAfter":{"Send_an_email_(V2)_-_GBP":["Succeeded"]},"type":"Foreach"}},"runAfter":{"Initialize_variable_-_GBPThreshold":["Succeeded"]},"else":{"actions":{}},"expression":{"and":[{"greater":["@variables('GBPRate')","@variables('GBPThreshold')"]}]},"type":"If"},"For_each":{"foreach":"@outputs('Get_items_-_USD')?['body/value']","actions":{"Update_item_-_USDRate":{"type":"OpenApiConnection","inputs":{"parameters":{"dataset":"https://nsbm365.sharepoint.com/sites/PowerApps","table":"e2a3d5a6-587a-4e88-b995-33f82eabc787","id":"@items('For_each')?['ID']","item/Rate":"@variables('USDRate')","item/Date":"@variables('CurrentDateUSD')","item/AlertTriggered":false},"host":{"apiId":"/providers/Microsoft.PowerApps/apis/shared_sharepointonline","connectionName":"shared_sharepointonline","operationId":"PatchItem"},"authentication":"@parameters('$authentication')"}}},"runAfter":{"Get_items_-_USD":["Succeeded"]},"type":"Foreach"},"For_each_1":{"foreach":"@outputs('Get_items_-_EUR')?['body/value']","actions":{"Update_item_-_EURRate":{"type":"OpenApiConnection","inputs":{"parameters":{"dataset":"https://nsbm365.sharepoint.com/sites/PowerApps","table":"e2a3d5a6-587a-4e88-b995-33f82eabc787","id":"@items('For_each_1')?['ID']","item/Rate":"@variables('EURRate')","item/Date":"@variables('CurrentDateEUR')","item/AlertTriggered":false},"host":{"apiId":"/providers/Microsoft.PowerApps/apis/shared_sharepointonline","connectionName":"shared_sharepointonline","operationId":"PatchItem"},"authentication":"@parameters('$authentication')"}}},"runAfter":{"Get_items_-_EUR":["Succeeded"]},"type":"Foreach"},"For_each_2":{"foreach":"@outputs('Get_items_-_GBP')?['body/value']","actions":{"Update_item_-_GBPRate":{"type":"OpenApiConnection","inputs":{"parameters":{"dataset":"https://nsbm365.sharepoint.com/sites/PowerApps","table":"e2a3d5a6-587a-4e88-b995-33f82eabc787","id":"@items('For_each_2')?['ID']","item/Rate":"@variables('GBPRate')","item/Date":"@variables('CurrentDateGBP')","item/AlertTriggered":false},"host":{"apiId":"/providers/Microsoft.PowerApps/apis/shared_sharepointonline","connectionName":"shared_sharepointonline","operationId":"PatchItem"},"authentication":"@parameters('$authentication')"}}},"runAfter":{"Get_items_-_GBP":["Succeeded"]},"type":"Foreach"}}},"connectionReferences":{"shared_sharepointonline":{"connectionName":"shared-sharepointonl-875270e4-a3f6-4f90-ac3d-94442a1bbdfd","source":"Embedded","id":"/providers/Microsoft.PowerApps/apis/shared_sharepointonline","tier":"NotSpecified","apiName":"sharepointonline","isProcessSimpleApiReferenceConversionAlreadyDone":false},"shared_office365":{"connectionName":"shared-office365-6759fb97-a120-4dd6-b07d-b1e1ee3be186","source":"Embedded","id":"/providers/Microsoft.PowerApps/apis/shared_office365","tier":"NotSpecified","apiName":"office365","isProcessSimpleApiReferenceConversionAlreadyDone":false}},"flowFailureAlertSubscribed":false,"isManaged":false}}