{"name":"03b46dc2-263f-4eca-b9d7-9bf70a1233bb","id":"/providers/Microsoft.Flow/flows/03b46dc2-263f-4eca-b9d7-9bf70a1233bb","type":"Microsoft.Flow/flows","properties":{"apiId":"/providers/Microsoft.PowerApps/apis/shared_logicflows","displayName":"Currency Data Cleanup","definition":{"metadata":{"workflowEntityId":null,"processAdvisorMetadata":null,"flowChargedByPaygo":null,"flowclientsuspensionreason":"None","flowclientsuspensiontime":null,"flowclientsuspensionreasondetails":null,"creator":{"id":"87915cb7-78f0-4089-b716-62b66ec05bb5","type":"User","tenantId":"9486ac65-39d3-4d25-977c-76d9c31c0046"},"provisioningMethod":"FromDefinition","failureAlertSubscription":true,"clientLastModifiedTime":"2025-11-15T07:11:01.9520219Z","connectionKeySavedTimeKey":"2025-11-15T07:11:01.9520219Z","creationSource":"Portal","modifiedSources":"Portal"},"$schema":"https://schema.management.azure.com/providers/Microsoft.Logic/schemas/2016-06-01/workflowdefinition.json#","contentVersion":"undefined","parameters":{"$authentication":{"defaultValue":{},"type":"SecureObject"},"$connections":{"defaultValue":{},"type":"Object"}},"triggers":{"Recurrence":{"recurrence":{"frequency":"Week","interval":"1","startTime":"2025-11-14T18:30:00.000Z","schedule":{"weekDays":["Sunday"]}},"evaluatedRecurrence":{"frequency":"Week","interval":"1","startTime":"2025-11-14T18:30:00.000Z","schedule":{"weekDays":["Sunday"]}},"type":"Recurrence"}},"actions":{"Get_items":{"runAfter":{},"type":"OpenApiConnection","inputs":{"parameters":{"dataset":"https://nsbm365.sharepoint.com/sites/PowerApps","table":"e2a3d5a6-587a-4e88-b995-33f82eabc787","$filter":"Date lt '@{addDays(utcNow(), -7)}'"},"host":{"apiId":"/providers/Microsoft.PowerApps/apis/shared_sharepointonline","connectionName":"shared_sharepointonline","operationId":"GetItems"},"authentication":"@parameters('$authentication')"}},"For_each":{"foreach":"@outputs('Get_items')?['body/value']","actions":{"Delete_item":{"type":"OpenApiConnection","inputs":{"parameters":{"dataset":"https://nsbm365.sharepoint.com/sites/PowerApps","table":"e2a3d5a6-587a-4e88-b995-33f82eabc787","id":"@items('For_each')?['ID']"},"host":{"apiId":"/providers/Microsoft.PowerApps/apis/shared_sharepointonline","connectionName":"shared_sharepointonline","operationId":"DeleteItem"},"authentication":"@parameters('$authentication')"}}},"runAfter":{"Get_items":["Succeeded"]},"type":"Foreach"}}},"connectionReferences":{"shared_sharepointonline":{"connectionName":"shared-sharepointonl-875270e4-a3f6-4f90-ac3d-94442a1bbdfd","source":"Embedded","id":"/providers/Microsoft.PowerApps/apis/shared_sharepointonline","tier":"NotSpecified","apiName":"sharepointonline","isProcessSimpleApiReferenceConversionAlreadyDone":false}},"flowFailureAlertSubscribed":false,"isManaged":false}}