{"schemaVersion":"1.0","appDefinitionTemplate":{"id":"/providers/Microsoft.PowerApps/apps/","type":"Microsoft.PowerApps/apps","tags":{"primaryDeviceWidth":"1366","primaryDeviceHeight":"768","supportsPortrait":"true","supportsLandscape":"true","primaryFormFactor":"Tablet","showStatusBar":"false","publisherVersion":"3.25111.6","minimumRequiredApiVersion":"2.2.0","hasComponent":"false","hasUnlockedComponent":"false","isUnifiedRootApp":"false","sienaVersion":"20251116T190819Z-3.25111.6.0"},"properties":{"appVersion":"2025-11-16T19:08:19Z","lifeCycleId":"Published","createdByClientVersion":{"major":3,"minor":25111,"build":6,"revision":0,"majorRevision":0,"minorRevision":0},"minClientVersion":{"major":3,"minor":25111,"build":6,"revision":0,"majorRevision":0,"minorRevision":0},"backgroundColor":"rgba(9, 33, 98, 1)","backgroundImageUri":"/10092806355314783509/Ne41e9d1d-c461-4b11-ae9f-95667f98d9b1-logoSmallFile","displayName":"Currency Tacker","description":"","commitMessage":"","appUris":{"documentUri":{"value":"/10092806355314783509/N0a15d43b-d3c2-4fdf-8218-40989ece0553-document.msapp"},"imageUris":[],"additionalUris":[{"isSolutionAware":false,"value":"/10092806355314783509/N01d2d0eb-bc51-45c6-9387-abadfde7539f-identity.json"}]},"createdTime":"0001-01-01T00:00:00Z","lastModifiedTime":"0001-01-01T00:00:00Z","sharedGroupsCount":0,"sharedUsersCount":0,"connectionReferences":{"ddec574a-32ab-4112-86d9-0ffaeeea1ab5":{"id":"56e30617-67dc-4c24-be7d-d21fd89e8bed","displayName":"SharePoint","iconUri":"https://conn-afd-prod-endpoint-bmc9bqahasf3grgk.b01.azurefd.net/v1.0.1779/1.0.1779.4440/sharepointonline/icon.png","dataSources":["CurrencyRates"],"dependencies":[],"dependents":[],"parameterHints":{},"parameterHintsV2":{},"isOnPremiseConnection":false,"bypassConsent":false,"dataSets":{"https://nsbm365.sharepoint.com/sites/PowerApps":{"dataSources":{"CurrencyRates":{"tableName":"e2a3d5a6-587a-4e88-b995-33f82eabc787"}}}},"apiTier":"Standard","isCustomApiConnection":false,"actions":["providers/PowerPlatform.Governance/Operations/Read"]}},"databaseReferences":{},"almMode":"Environment","performanceOptimizationEnabled":true,"canConsumeAppPass":true,"enableModernRuntimeMode":false,"executionRestrictions":{"isTeamsOnly":false,"dataLossPreventionEvaluationResult":{"status":"Compliant","lastEvaluationDate":"2025-11-15T09:02:45.6385283Z","violations":[],"violationsByPolicy":[],"violationErrorMessage":"The app uses the following connectors: shared_sharepointonline."}}},"isAppComponentLibrary":false,"appType":"ClassicCanvasApp","appComponents":[]}}